name," image"," company_name"," vat_number"," email"," phone_number"," address"," city"," state"," postal_code"," country"
"dhiman nangsha",10371400_948199798527194_5543418455903970676_n.jpg,niamkvn,12345,dhiman@lion-coders.com,12345,"kajir deuri",chittagong,,,bangladesh
moinul,,nangsha-coders,1234,moinul@lion-coders.com,1234,jamalkhan,chittagong,,,bangladesh
tariq,,"us garments",,tariq@lion-coders.com,123321,khulshi,chittagong,,,bangladesh
Milan,555.jpg,"Tecdiary IT Solutions",,saleem@tecdiary.com,1234,fsfadf,fdsd,wp,malaysia,malaysia
Milan,555.jpg,"Tecdiary IT Solutions",,"anda@tecdiary.com ",1234,fsfadf,fdsd,wp,malaysia,malaysia
Milan,555.jpg,"Tecdiary IT Solutions",,"anda@tecdiary.com ",1234,fsfadf,fdsd,wp,malaysia,malaysia
